Workbook

Sheet Read Me
B2: Daily Shipment Report · Template
B4: A single daily view of every shipment's status. Sent to the customer, retained internally.
B6: Sheets
B8: • DSR — One row per shipment, 25 fields per row
B9: • DSR Count — Working-day compliance tracker (Mon–Sat)
B10: • Outlook Log — Auto-populated from Outlook: every 'DSR' email with sender + timestamp
B13: How to use
B15: 1. Enter shipments on the DSR sheet — all 25 fields
B16: 2. Use Incoterm dropdown (column F) and Completed Y/N dropdown (column U)
B17: 3. Email the DSR to the customer and CHA with subject 'DSR #[ref]' (e.g., 'DSR #20260117')
B18: 4. Click 'Refresh Outlook Log' on the Outlook Log sheet to pull the day's DSR emails
B19: 5. The DSR Count sheet automatically counts working-day sends from the Outlook Log
... B31: github.com/HarshaaNandakumar/logistics-ops-excellence

Sheet DSR
A1: S.No | B1: Shipper Name | C1: JOB ID | D1: Origin | E1: Destination | F1: Incoterm | G1: Master Number | H1: House Number | I1: No. of Pieces | J1: Gross Wt (kg) | K1: Chargeable Wt (kg) | L1: Routing | M1: Booking Received | N1: Pickup Date | O1: Flight No. | P1: ETD | Q1: ETA | R1: ATD | S1: ATA | T1: DO Release | U1: Completed (Y/N) | V1: Booking Approvers | W1: Consignee Email | X1: CHA Email | Y1: Remarks
A2: 1 | B2: Customer A | C2: MAAJOB001 | D2: MAA | E2: Shanghai | F2: FOB | G2: MAEU1234567 | H2: HSE890123 | I2: 25 | J2: 450 | K2: 450 | L2: MAA-SHA Direct | M2: 46032 | N2: 46033 | O2: QR501 | P2: 46034 | Q2: 46036 | R2: 46034 | S2: 46036 | T2: 46037 | U2: Y | V2: Ops Manager | W2: ops@customer-a.com | X2: cha1@example.com | Y2: Cleared without issues
A3: 2 | B3: Customer B | C3: MAAJOB002 | D3: MAA | E3: Frankfurt | F3: CIF | G3: CMAU4567891 | H3: HSE890124 | I3: 18 | J3: 320 | K3: 340 | L3: MAA-FRA via DXB | M3: 46032 | N3: 46033 | O3: EK545 | P3: 46034 | Q3: 46035 | R3: 46034 | U3: N | V3: KAM | W3: logistics@customer-b.com | X3: cha2@example.com | Y3: In transit — ETA tomorrow
A4: 3 | B4: Customer C | C4: MAAJOB003 | D4: HKG | E4: MAA | F4: DAP | G4: MSCU7890123 | H4: HSE890125 | I4: 40 | J4: 780 | K4: 820 | L4: HKG-MAA Direct | M4: 46033 | P4: 46035 | Q4: 46038 | R4: 46035 | S4: 46038 | T4: 46039 | U4: Y | V4: KAM | W4: imports@customer-c.com | X4: cha1@example.com | Y4: BOE filed, awaiting clearance

Sheet DSR Count
B1: DSR COMPLIANCE · WORKING DAYS | F1: COMPLIANCE METRICS
F2: Working Days | G2: =COUNTA(B4:B500)
B3: Date | C3: Weekday | D3: DSR Sent (Y/N) | F3: DSRs Sent | G3: =COUNTIF(D4:D500,"Y")
B4: 46023 | C4: Thursday | D4: =IFERROR(IF(COUNTIFS('Outlook Log'!C:C,">="&B4,'Outlook Log'!C:C,"<"&(B4+1))>0,"Y","N"),"") | F4: DSRs Missed | G4: =COUNTIF(D4:D500,"N")
B5: 46024 | C5: Friday | D5: =IFERROR(IF(COUNTIFS('Outlook Log'!C:C,">="&B5,'Outlook Log'!C:C,"<"&(B5+1))>0,"Y","N"),"") | F5: Pending / Today | G5: =COUNTBLANK(D4:INDEX(D:D,COUNTA(B:B)+2))
B6: 46025 | C6: Saturday | D6: =IFERROR(IF(COUNTIFS('Outlook Log'!C:C,">="&B6,'Outlook Log'!C:C,"<"&(B6+1))>0,"Y","N"),"") | F6: Compliance % | G6: =IFERROR(COUNTIF(D4:D500,"Y")/(COUNTIF(D4:D500,"Y")+COUNTIF(D4:D500,"N")),0)
B7: 46027 | C7: Monday | D7: =IFERROR(IF(COUNTIFS('Outlook Log'!C:C,">="&B7,'Outlook Log'!C:C,"<"&(B7+1))>0,"Y","N"),"")
B8: 46028 | C8: Tuesday | D8: =IFERROR(IF(COUNTIFS('Outlook Log'!C:C,">="&B8,'Outlook Log'!C:C,"<"&(B8+1))>0,"Y","N"),"")
B9: 46029 | C9: Wednesday | D9: =IFERROR(IF(COUNTIFS('Outlook Log'!C:C,">="&B9,'Outlook Log'!C:C,"<"&(B9+1))>0,"Y","N"),"")
B10: 46030 | C10: Thursday | D10: =IFERROR(IF(COUNTIFS('Outlook Log'!C:C,">="&B10,'Outlook Log'!C:C,"<"&(B10+1))>0,"Y","N"),"")
B11: 46031 | C11: Friday | D11: =IFERROR(IF(COUNTIFS('Outlook Log'!C:C,">="&B11,'Outlook Log'!C:C,"<"&(B11+1))>0,"Y","N"),"")
B12: 46032 | C12: Saturday | D12: =IFERROR(IF(COUNTIFS('Outlook Log'!C:C,">="&B12,'Outlook Log'!C:C,"<"&(B12+1))>0,"Y","N"),"")
B13: 46034 | C13: Monday | D13: =IFERROR(IF(COUNTIFS('Outlook Log'!C:C,">="&B13,'Outlook Log'!C:C,"<"&(B13+1))>0,"Y","N"),"")
B14: 46035 | C14: Tuesday | D14: =IFERROR(IF(COUNTIFS('Outlook Log'!C:C,">="&B14,'Outlook Log'!C:C,"<"&(B14+1))>0,"Y","N"),"")
B15: 46036 | C15: Wednesday | D15: =IFERROR(IF(COUNTIFS('Outlook Log'!C:C,">="&B15,'Outlook Log'!C:C,"<"&(B15+1))>0,"Y","N"),"")
B16: 46037 | C16: Thursday | D16: =IFERROR(IF(COUNTIFS('Outlook Log'!C:C,">="&B16,'Outlook Log'!C:C,"<"&(B16+1))>0,"Y","N"),"")
B17: 46038 | C17: Friday | D17: =IFERROR(IF(COUNTIFS('Outlook Log'!C:C,">="&B17,'Outlook Log'!C:C,"<"&(B17+1))>0,"Y","N"),"")
B18: 46039 | C18: Saturday | D18: =IFERROR(IF(COUNTIFS('Outlook Log'!C:C,">="&B18,'Outlook Log'!C:C,"<"&(B18+1))>0,"Y","N"),"")
... B33: 46057 | C33: Wednesday | D33: =IFERROR(IF(COUNTIFS('Outlook Log'!C:C,">="&B33,'Outlook Log'!C:C,"<"&(B33+1))>0,"Y","N"),"")
B36: Note: Column D auto-populates from the Outlook Log. Click 'Refresh Outlook Log' on that sheet to update.

Sheet Outlook Log
A1: OUTLOOK LOG · DSR EMAILS — AUTO-POPULATED FROM OUTLOOK
A2: Click the 'Refresh Outlook Log' button (assigned to macro: RefreshOutlookLog) → pulls all 'DSR' emails from your Outlook Sent Items
A3: Subject | B3: Sender | C3: Timestamp | D3: Direction | E3: Recipient(s)
A4: DSR #20260105 - Customer A | B4: harshaa@forwarder.com | C4: 46027.738 | D4: Sent | E4: ops@customer-a.com
A5: DSR #20260106 - Customer A | B5: harshaa@forwarder.com | C5: 46028.749 | D5: Sent | E5: ops@customer-a.com
A6: DSR #20260107 - Daily | B6: harshaa@forwarder.com | C6: 46029.758 | D6: Sent | E6: ops@customer-a.com; ops@customer-b.com
A7: RE: DSR #20260107 | B7: ops@customer-a.com | C7: 46030.385 | D7: Received | E7: harshaa@forwarder.com
A8: DSR #20260108 - Daily | B8: harshaa@forwarder.com | C8: 46030.752 | D8: Sent | E8: ops@customer-a.com; ops@customer-b.com
A9: DSR #20260109 - Customer C | B9: harshaa@forwarder.com | C9: 46031.699 | D9: Sent | E9: imports@customer-c.com
A10: DSR #20260110 - Daily | B10: harshaa@forwarder.com | C10: 46032.729 | D10: Sent | E10: ops@customer-a.com
A11: DSR #20260112 - Daily | B11: harshaa@forwarder.com | C11: 46034.762 | D11: Sent | E11: ops@customer-a.com; ops@customer-b.com
A12: DSR #20260113 - Daily | B12: harshaa@forwarder.com | C12: 46035.747 | D12: Sent | E12: ops@customer-a.com
A13: DSR #20260114 - Daily | B13: harshaa@forwarder.com | C13: 46036.751 | D13: Sent | E13: ops@customer-a.com; ops@customer-b.com
A14: DSR #20260115 - Customer B | B14: harshaa@forwarder.com | C14: 46037.742 | D14: Sent | E14: logistics@customer-b.com
A15: DSR #20260116 - Daily | B15: harshaa@forwarder.com | C15: 46038.736 | D15: Sent | E15: ops@customer-a.com
